evidence_id,public_from,eligible_at_2021_02_10,eligible_at_2021_08_05,source_type,title,claim_or_metric,source_url,notes
E_2019_INVENTORY_RISK,2020-02-19,yes,yes,SEC 10-K,2019 Form 10-K inventory and holding risk,"Principal iBuying is cash- and inventory-intensive; slower resale can increase holding costs and pressure profitability.",https://www.sec.gov/Archives/edgar/data/1617640/000161764020000015/z-20191231.htm,"Contemporaneous structural risk disclosure; paraphrased in the seed graph."
E_T0_MANAGEMENT_CONFIDENCE,2021-02-10,yes,yes,SEC 8-K exhibit / earnings release,Q4/FY2020 management confidence,"Management said Zillow was investing aggressively and positioned to capitalize on strong demand in 2021.",https://www.sec.gov/Archives/edgar/data/1617640/000161764021000007/q42020991.htm,"Management claim; weak positive evidence, not proof of unit economics."
E_T0_HOMES_LOSS,2021-02-10,yes,yes,SEC 8-K exhibit / earnings release,Q4/FY2020 Homes segment loss,"Homes segment loss before income taxes: $320.254m FY2020; $66.621m Q4 2020.",https://www.sec.gov/Archives/edgar/data/1617640/000161764021000007/q42020991.htm,"Direct contemporaneous metric."
E_T0_CASH,2021-02-10,yes,yes,SEC 8-K exhibit / earnings release,Q4/FY2020 liquidity,"Cash and investments at year-end 2020: $3.9bn.",https://www.sec.gov/Archives/edgar/data/1617640/000161764021000007/q42020991.htm,"Supports near-term financing capacity; does not prove the bet's economics."
E_2020_10K,2021-02-12,no,yes,SEC 10-K,2020 Form 10-K,"Detailed risk factors and year-end inventory were not public on the 10 February primary cutoff.",https://www.sec.gov/Archives/edgar/data/1617640/000161764021000012/z-20201231.htm,"Important integrity check: do not use this source at 10 February 2021."
E_Q2_SALES,2021-08-05,no,yes,SEC 10-Q,Q2 2021 homes sold and revenue,"2,086 homes sold; Zillow Offers revenue $772.0m.",https://www.sec.gov/Archives/edgar/data/1617640/000161764021000055/z-20210630.htm,"Positive throughput evidence."
E_Q2_INVENTORY,2021-08-05,no,yes,SEC 10-Q,Q2 2021 inventory expansion,"Inventory: $1.169601bn at 30 June 2021 vs $491.293m at 31 December 2020; derived growth approximately 138%.",https://www.sec.gov/Archives/edgar/data/1617640/000161764021000055/z-20210630.htm,"The 138% figure is calculated from the two reported values."
E_Q2_HOLDING_COST,2021-08-05,no,yes,SEC 10-Q,Q2 2021 holding costs,"Homes segment holding costs: $5.3m in Q2 2021 vs $2.6m in Q2 2020.",https://www.sec.gov/Archives/edgar/data/1617640/000161764021000055/z-20210630.htm,"Contradicts low holding-cost / fast-liquidation assumption."

